{
    "model":"mirbridge.obj",
    "fixedarea":[
	    {
		    "type": "halfspace",
		    "p1": [-14.411007249513272, 6.6273702236878158, 0.0],
		    "p2": [-14.411007249513272, 6.6273702236878158, 1.0],
		    "p3": [-14.411007249513272, 7.6273702236878158, 0.0]}
	    ,
	    {
		    "type": "halfspace",
		    "p1": [14.411007249513272, 6.6273702236878158, 0.0],
		    "p2": [14.411007249513272, 7.6273702236878158, 0.0],
		    "p3": [14.411007249513272, 6.6273702236878158, 1.0]
	    }
    ],
    "force":[
{
            "type":"const",
            "norm":1,
            "direction":[0,0,-1],
            "region":{
                "type": "box",
                "q": [14.032256126403809, 4.3019163533191431, 0.85920780895894633],
                "p": [-14.032256126403809, -4.2695119456310522, -1.2016193448672496]
            }
        }
 ],
    "loadarea":[
{
                "type": "box",
                "q": [15, 5, 5.5],
                "p": [-15, -5, 4.5]
            }
    ]
}
