{
    "model":"mirbridge.obj",
    "fixedarea":[
	    {
		    "type": "halfspace",
		    "p1": [-14.411007249513272, 6.6273702236878158, 0.0],
		    "p2": [-14.411007249513272, 6.6273702236878158, 1.0],
		    "p3": [-14.411007249513272, 7.6273702236878158, 0.0]}
	    ,
	    {
		    "type": "halfspace",
		    "p1": [14.411007249513272, 6.6273702236878158, 0.0],
		    "p2": [14.411007249513272, 7.6273702236878158, 0.0],
		    "p3": [14.411007249513272, 6.6273702236878158, 1.0]
	    }
    ],
    "force":[ ],
    "loadarea":[
	    {
		    "type": "box",
		    "q": [14.41, 5, 5.5],
		    "p": [-14.41, -5, 4.5]
	    }

    ]
}
