{
    "model":"duck.obj",
    "loadarea":[
        {
            "type":"sphere",
            "center": [-26.987554, 12.521567, 11.811097],
            "radius":25
        },
        {
            "type":"halfspace",
            "p1":[-1.242259,24.159633,-20.129095],
            "p2":[-2.242259,24.159633,-20.129095],
            "p3":[-1.242259,25.159633,-20.129095]
        }
    ],
    "force":[
        {
            "type":"const",
            "norm":1,
            "direction":[0,-1,0],
            "region":{
                "type":"sphere",
                "center": [-26.987554, 12.521567, 11.811097],
                "radius":25
            }
        }
    ],
    "fixedarea":[
        {
            "type":"halfspace",
            "p1":[-1.242259,24.159633,-20.129095],
            "p2":[-2.242259,24.159633,-20.129095],
            "p3":[-1.242259,25.159633,-20.129095]
        }
    ]
}
